Mot clé,Pos. Google.fr,Google.fr Différence,Classement de page(e),Différence de visibilité,Tendance,Clics
pool house bois,14,Entré,https://www.deco-charpente.fr/pool-house-kiosque/,"0,28",Pas encore vérifié,Pas encore vérifié
abri voiture bois fermé,4(1),33,https://www.deco-charpente.fr/abri-voiture-bois/,"0,77",Pas encore vérifié,Pas encore vérifié
abrit voiture,6(6),29,https://www.deco-charpente.fr/l-abri-voiture-une-solution-qui-s-adapte-a-chaque-saison/,"0,33",Pas encore vérifié,Pas encore vérifié
abri voiture,6(6),29,https://www.deco-charpente.fr/abri-voiture-bois/; https://www.deco-charpente.fr/l-abri-voiture-une-solution-qui-s-adapte-a-chaque-saison/,"0,52",Pas encore vérifié,Pas encore vérifié
abri voitures,1(3),29,https://www.deco-charpente.fr/abri-voiture-bois/; https://www.deco-charpente.fr/l-abri-voiture-une-solution-qui-s-adapte-a-chaque-saison/,"0,42",Pas encore vérifié,Pas encore vérifié
auvent garage bois,14,13,https://www.deco-charpente.fr/appentis-et-auvent/; https://www.deco-charpente.fr/galerie/,"0,15",Pas encore vérifié,Pas encore vérifié
appenti bois,11,9,https://www.deco-charpente.fr/appentis-et-auvent/; https://www.deco-charpente.fr/decouvrez-nos-styles-dappentis-et-auvent/,0%,Pas encore vérifié,Pas encore vérifié
Pergola en bois Cannes,7,8,https://www.deco-charpente.fr/nos-points-de-vente/construction-abris-bois-alpes-maritimes/,"0,13",Pas encore vérifié,Pas encore vérifié
appentis bois,9,6,https://www.deco-charpente.fr/les-10-avantages-dun-appentis-auvent-deco-charpente/,-3%,Pas encore vérifié,Pas encore vérifié
carport en bois,4,6,https://www.deco-charpente.fr/abri-voiture-bois/,"0,1",Pas encore vérifié,Pas encore vérifié
auvent bois sur mesure,5(1),4,https://www.deco-charpente.fr/decouvrez-nos-styles-dappentis-et-auvent/; https://www.deco-charpente.fr/pourquoi-installer-une-pergola-en-bois-sur-mesure/,"0,05",Pas encore vérifié,Pas encore vérifié
Carport en bois Aix en Provence,2(2),4,https://www.deco-charpente.fr/,"0,07",Pas encore vérifié,Pas encore vérifié
Pergola en bois Antibes,12(2),4,https://www.deco-charpente.fr/nos-abris-dans-vos-villes/pergola-en-bois-sur-mesure-pres-de-tarbes/,"0,07",Pas encore vérifié,Pas encore vérifié
abri de jardin plan de campagne,2,3,https://www.deco-charpente.fr/nos-points-de-vente/construction-abris-bois-bouches-du-rhone/,"0,05",Pas encore vérifié,Pas encore vérifié
Pool House en Bois Valence,2(2),3,https://www.deco-charpente.fr/nos-points-de-vente/construction-abris-bois-drome-ardeche/,"0,05",Pas encore vérifié,Pas encore vérifié
abri voiture bois 34,1,2,https://www.deco-charpente.fr/abri-voiture-bois/; https://www.deco-charpente.fr/nos-points-de-vente/construction-abris-bois-sur-mesure-herault-montpellier/,0%,Pas encore vérifié,Pas encore vérifié
Abri voiture Bois Marseille,1(2),2,https://www.deco-charpente.fr/,"0,03",Pas encore vérifié,Pas encore vérifié
Auvent en Bois Aix en Provence,3(2),2,https://www.deco-charpente.fr/,"0,03",Pas encore vérifié,Pas encore vérifié
Auvent en Bois Antibes,1,2,https://www.deco-charpente.fr/nos-abris-dans-vos-villes/appentis-en-bois-antibes/,"0,03",Pas encore vérifié,Pas encore vérifié
Auvent en Bois La Seyne sur Mer,1,2,https://www.deco-charpente.fr/,"0,03",Pas encore vérifié,Pas encore vérifié
Carport en bois Cannes,1,2,https://www.deco-charpente.fr/nos-points-de-vente/construction-abris-bois-alpes-maritimes/,"0,03",Pas encore vérifié,Pas encore vérifié
Carport en bois Carpentras,2(1),2,https://www.deco-charpente.fr/nos-points-de-vente/construction-abris-bois-vaucluse/,"0,03",Pas encore vérifié,Pas encore vérifié
Carport en bois Marseille,2,2,https://www.deco-charpente.fr/nos-abris-dans-vos-villes/abri-voiture-bois-marseille/,"0,03",Pas encore vérifié,Pas encore vérifié
Carport en bois Toulon,5,2,https://www.deco-charpente.fr/nos-points-de-vente/construction-abris-bois-var/,"0,03",Pas encore vérifié,Pas encore vérifié
Kiosque en bois Nice,1,2,https://www.deco-charpente.fr/nos-abris-dans-vos-villes/kiosque-en-bois-nice/,"0,03",Pas encore vérifié,Pas encore vérifié
Pergola en bois Carpentras,2(1),2,https://www.deco-charpente.fr/nos-points-de-vente/construction-abris-bois-vaucluse/,"0,03",Pas encore vérifié,Pas encore vérifié
Pergola en bois La Seyne-sur-Mer,6,2,https://www.deco-charpente.fr/pergola-bois-sur-mesure/,"0,03",Pas encore vérifié,Pas encore vérifié
Pool House en Bois Avignon,6,2,https://www.deco-charpente.fr/pool-house-kiosque/,"0,03",Pas encore vérifié,Pas encore vérifié
Pool House en Bois Grenoble,2(1),2,https://www.deco-charpente.fr/nos-points-de-vente/construction-abris-bois-isere/,"0,03",Pas encore vérifié,Pas encore vérifié
Pool House en bois Montélimar,5,2,https://www.deco-charpente.fr/nos-abris-dans-vos-villes/pool-house-en-bois-montelimar/,"0,03",Pas encore vérifié,Pas encore vérifié
Pool House en Bois Toulon,1,2,https://www.deco-charpente.fr/pool-house-kiosque/,"0,03",Pas encore vérifié,Pas encore vérifié
abri voiture bois 26,1,1,https://www.deco-charpente.fr/nos-points-de-vente/construction-abris-bois-drome-ardeche/; https://www.deco-charpente.fr/abri-voiture-bois/,-7%,Pas encore vérifié,Pas encore vérifié
Abri voiture Bois Aix en Provence,3,1,https://www.deco-charpente.fr/nos-points-de-vente/construction-abris-bois-bouches-du-rhone/,"0,02",Pas encore vérifié,Pas encore vérifié
Abri voiture Bois Antibes,1,1,https://www.deco-charpente.fr/nos-abris-dans-vos-villes/carport-en-bois-antibes/,"0,02",Pas encore vérifié,Pas encore vérifié
Abri voiture Bois Carpentras,2(1),1,https://www.deco-charpente.fr/nos-points-de-vente/construction-abris-bois-vaucluse/,"0,02",Pas encore vérifié,Pas encore vérifié
Abri voiture Bois Martigues,5,1,https://www.deco-charpente.fr/nos-points-de-vente/construction-abris-bois-bouches-du-rhone/,"0,02",Pas encore vérifié,Pas encore vérifié
Abri voiture Bois Montélimar,2(1),1,https://www.deco-charpente.fr/nos-points-de-vente/construction-abris-bois-drome-ardeche/,"0,02",Pas encore vérifié,Pas encore vérifié
Appentis en bois Vienne,1,1,https://www.deco-charpente.fr/nos-abris-dans-vos-villes/auvent-en-bois-vienne/,"0,02",Pas encore vérifié,Pas encore vérifié
Auvent en Bois Aubenas,1,1,https://www.deco-charpente.fr/nos-abris-dans-vos-villes/auvent-en-bois-aubenas/,"0,02",Pas encore vérifié,Pas encore vérifié
Auvent en Bois Grasse,1,1,https://www.deco-charpente.fr/nos-abris-dans-vos-villes/appentis-en-bois-grasse/,"0,02",Pas encore vérifié,Pas encore vérifié
Auvent en Bois Nice,1,1,https://www.deco-charpente.fr/nos-abris-dans-vos-villes/auvent-en-bois-nice/,"0,02",Pas encore vérifié,Pas encore vérifié
Carport en bois Antibes,1,1,https://www.deco-charpente.fr/nos-points-de-vente/construction-abris-bois-alpes-maritimes/,"0,02",Pas encore vérifié,Pas encore vérifié
Carport en bois Grenoble,2(2),1,https://www.deco-charpente.fr/nos-points-de-vente/construction-abris-bois-isere/,"0,02",Pas encore vérifié,Pas encore vérifié
Carport en bois Tullins,1,1,https://www.deco-charpente.fr/nos-abris-dans-vos-villes/carport-en-bois-tullins/,"0,02",Pas encore vérifié,Pas encore vérifié
carport var,1(3),1,https://www.deco-charpente.fr/nos-points-de-vente/construction-abris-bois-var/,-30%,Pas encore vérifié,Pas encore vérifié
Kiosque en bois Uzès,1,1,https://www.deco-charpente.fr/nos-abris-dans-vos-villes/kiosque-en-bois-uzes/,"0,02",Pas encore vérifié,Pas encore vérifié
Pergola en bois Voiron,1(3),1,https://www.deco-charpente.fr/nos-points-de-vente/construction-abris-bois-isere/,"0,02",Pas encore vérifié,Pas encore vérifié
Pool House en Bois Cannes,2,1,https://www.deco-charpente.fr/nos-points-de-vente/construction-abris-bois-alpes-maritimes/,"0,02",Pas encore vérifié,Pas encore vérifié
abri voiture bois 06,1,0,https://www.deco-charpente.fr/nos-showrooms/construction-dabris-en-bois-dans-les-alpes-maritimes/; https://www.deco-charpente.fr/nos-points-de-vente/construction-abris-bois-alpes-maritimes/,-3%,Pas encore vérifié,Pas encore vérifié
abri voiture bois 07,2,0,https://www.deco-charpente.fr/nos-points-de-vente/construction-abris-bois-drome-ardeche/,-45%,Pas encore vérifié,Pas encore vérifié
abri voiture bois 83,2,0,https://www.deco-charpente.fr/nos-points-de-vente/construction-abris-bois-var/; https://www.deco-charpente.fr/nos-showrooms/construction-dabris-en-bois-dans-le-var/,-3%,Pas encore vérifié,Pas encore vérifié
abri voiture bois 84,1,0,https://www.deco-charpente.fr/nos-showrooms/construction-dabris-en-bois-dans-le-vaucluse/; https://www.deco-charpente.fr/nos-points-de-vente/construction-abris-bois-vaucluse/,0%,Pas encore vérifié,Pas encore vérifié
Abri voiture Bois Avignon,4,0,https://www.deco-charpente.fr/nos-points-de-vente/construction-abris-bois-vaucluse/,0%,Pas encore vérifié,Pas encore vérifié
Abri voiture Bois Cagnes sur Mer,1,0,https://www.deco-charpente.fr/nos-abris-dans-vos-villes/abri-voiture-bois-cagnes-sur-mer/,0%,Pas encore vérifié,Pas encore vérifié
Abri voiture Bois Echirolles,1,0,https://www.deco-charpente.fr/nos-abris-dans-vos-villes/abri-voiture-bois-echirolles/,0%,Pas encore vérifié,Pas encore vérifié
Abri voiture Bois Fréjus,5,0,https://www.deco-charpente.fr/nos-points-de-vente/construction-abris-bois-var/,0%,Pas encore vérifié,Pas encore vérifié
Abri voiture Bois Grenoble,2(1),0,https://www.deco-charpente.fr/nos-points-de-vente/construction-abris-bois-isere/,0%,Pas encore vérifié,Pas encore vérifié
Abri voiture Bois Hyères,1,0,https://www.deco-charpente.fr/nos-abris-dans-vos-villes/carport-en-bois-hyeres/,0%,Pas encore vérifié,Pas encore vérifié
Abri voiture Bois La Seyne sur Mer,1,0,https://www.deco-charpente.fr/nos-abris-dans-vos-villes/var/carport-en-bois-la-seyne-sur-mer/,0%,Pas encore vérifié,Pas encore vérifié
Abri voiture Bois Romans-sur-Isère,1,0,https://www.deco-charpente.fr/nos-abris-dans-vos-villes/carport-en-bois-romans-sur-isere/,0%,Pas encore vérifié,Pas encore vérifié
Abri voiture Bois Sommières,1,0,https://www.deco-charpente.fr/nos-abris-dans-vos-villes/abri-voiture-bois-sommieres/,0%,Pas encore vérifié,Pas encore vérifié
abri voiture bois sur mesure,7,0,https://www.deco-charpente.fr/abri-voiture-bois/; https://www.deco-charpente.fr/decouvrez-nos-styles-abri-voiture-carport-bois-sur-mesure/,"0,17",Pas encore vérifié,Pas encore vérifié
Abri voiture Bois Vénissieux,1,0,https://www.deco-charpente.fr/nos-abris-dans-vos-villes/abri-voiture-bois-venissieux/,0%,Pas encore vérifié,Pas encore vérifié
Appentis en bois Aix en Provence,1,0,https://www.deco-charpente.fr/nos-abris-dans-vos-villes/auvent-en-bois-aix-en-provence/,0%,Pas encore vérifié,Pas encore vérifié
Appentis en bois Anduze,1,0,https://www.deco-charpente.fr/nos-abris-dans-vos-villes/appentis-en-bois-anduze/,0%,Pas encore vérifié,Pas encore vérifié
Appentis en bois Antibes,1,0,https://www.deco-charpente.fr/nos-abris-dans-vos-villes/appentis-en-bois-antibes/,0%,Pas encore vérifié,Pas encore vérifié
Appentis en bois Aubagne,2,0,https://www.deco-charpente.fr/nos-abris-dans-vos-villes/auvent-en-bois-aubagne/,0%,Pas encore vérifié,Pas encore vérifié
Appentis en bois Aubenas,1,0,https://www.deco-charpente.fr/nos-abris-dans-vos-villes/auvent-en-bois-aubenas/,0%,Pas encore vérifié,Pas encore vérifié
Appentis en bois Barjac,1,0,https://www.deco-charpente.fr/nos-abris-dans-vos-villes/appentis-en-bois-barjac/,0%,Pas encore vérifié,Pas encore vérifié
Appentis en bois Bron,1,0,https://www.deco-charpente.fr/nos-abris-dans-vos-villes/auvent-en-bois-bron/,0%,Pas encore vérifié,Pas encore vérifié
Appentis en bois Cavaillon,3,0,https://www.deco-charpente.fr/nos-abris-dans-vos-villes/appentis-en-bois-cavaillon/,0%,Pas encore vérifié,Pas encore vérifié
Appentis en bois Fontaine,1,0,https://www.deco-charpente.fr/nos-abris-dans-vos-villes/appentis-en-bois-fontaine/,0%,Pas encore vérifié,Pas encore vérifié
Appentis en bois Genas,1,0,https://www.deco-charpente.fr/nos-abris-dans-vos-villes/auvent-en-bois-genas/,0%,Pas encore vérifié,Pas encore vérifié
Appentis en bois Grasse,1,0,https://www.deco-charpente.fr/nos-abris-dans-vos-villes/appentis-en-bois-grasse/,0%,Pas encore vérifié,Pas encore vérifié
Appentis en bois Hyères,1,0,https://www.deco-charpente.fr/nos-abris-dans-vos-villes/auvent-en-bois-hyeres/,0%,Pas encore vérifié,Pas encore vérifié
Appentis en bois La Seyne-sur-Mer,1,0,https://www.deco-charpente.fr/appentis-et-auvent/,0%,Pas encore vérifié,Pas encore vérifié
Appentis en bois Mandelieu-la-Napoule,1,0,https://www.deco-charpente.fr/nos-abris-dans-vos-villes/appentis-en-bois-mandelieu-la-napoule/,0%,Pas encore vérifié,Pas encore vérifié
Appentis en bois Meylan,1,0,https://www.deco-charpente.fr/nos-abris-dans-vos-villes/appentis-en-bois-meylan/,0%,Pas encore vérifié,Pas encore vérifié
Appentis en bois Montélimar,1,0,https://www.deco-charpente.fr/nos-abris-dans-vos-villes/auvent-en-bois-montelimar/,0%,Pas encore vérifié,Pas encore vérifié
Appentis en bois Orange,1,0,https://www.deco-charpente.fr/nos-abris-dans-vos-villes/abri-voiture-bois-orange/,0%,Pas encore vérifié,Pas encore vérifié
Appentis en bois Romans-sur-Isère,1,0,https://www.deco-charpente.fr/nos-abris-dans-vos-villes/appentis-en-bois-romans-sur-isere/,0%,Pas encore vérifié,Pas encore vérifié
Appentis en bois Six-Fours-Les-Plages,1,0,https://www.deco-charpente.fr/nos-abris-dans-vos-villes/appentis-en-bois-six-fours-les-plages/,0%,Pas encore vérifié,Pas encore vérifié
Appentis en bois Sommières,1,0,https://www.deco-charpente.fr/nos-abris-dans-vos-villes/auvent-en-bois-sommieres/,0%,Pas encore vérifié,Pas encore vérifié
Appentis en bois Voiron,1,0,https://www.deco-charpente.fr/nos-abris-dans-vos-villes/appentis-en-bois-voiron/,0%,Pas encore vérifié,Pas encore vérifié
Auvent en Bois Bron,1,0,https://www.deco-charpente.fr/nos-abris-dans-vos-villes/appentis-en-bois-bron/,0%,Pas encore vérifié,Pas encore vérifié
Auvent en Bois Genas,1,0,https://www.deco-charpente.fr/nos-abris-dans-vos-villes/appentis-en-bois-genas/,0%,Pas encore vérifié,Pas encore vérifié
Auvent en Bois Hyères,1,0,https://www.deco-charpente.fr/nos-abris-dans-vos-villes/auvent-en-bois-hyeres/,0%,Pas encore vérifié,Pas encore vérifié
Auvent en Bois Montélimar,1,0,https://www.deco-charpente.fr/nos-abris-dans-vos-villes/auvent-en-bois-montelimar/,0%,Pas encore vérifié,Pas encore vérifié
Auvent en Bois Romans sur Isère,1,0,https://www.deco-charpente.fr/nos-abris-dans-vos-villes/auvent-en-bois-romans-sur-isere/,0%,Pas encore vérifié,Pas encore vérifié
Auvent en Bois Saint‑Martin‑d’Hères,1,0,https://www.deco-charpente.fr/nos-abris-dans-vos-villes/auvent-en-bois-saint‑martin‑dheres/,0%,Pas encore vérifié,Pas encore vérifié
Auvent en Bois Sommières,1,0,https://www.deco-charpente.fr/nos-abris-dans-vos-villes/auvent-en-bois-sommieres/,0%,Pas encore vérifié,Pas encore vérifié
Auvent en Bois Villeneuve lès Avignon,1,0,https://www.deco-charpente.fr/nos-abris-dans-vos-villes/auvent-en-bois-villeneuve-les-avignon/,0%,Pas encore vérifié,Pas encore vérifié
Carport en bois Bagnols-sur-Cèze,1,0,https://www.deco-charpente.fr/nos-abris-dans-vos-villes/carport-en-bois-bagnols-sur-ceze/,0%,Pas encore vérifié,Pas encore vérifié
Carport en bois Bron,1,0,https://www.deco-charpente.fr/nos-abris-dans-vos-villes/carport-en-bois-bron/,0%,Pas encore vérifié,Pas encore vérifié
Carport en bois Genas,1,0,https://www.deco-charpente.fr/nos-abris-dans-vos-villes/carport-en-bois-genas/,0%,Pas encore vérifié,Pas encore vérifié
Carport en bois La Garde,2,0,https://www.deco-charpente.fr/nos-abris-dans-vos-villes/carport-en-bois-la-garde/,0%,Pas encore vérifié,Pas encore vérifié
Carport en bois Nice,1(1),0,https://www.deco-charpente.fr/nos-points-de-vente/construction-abris-bois-alpes-maritimes/,0%,Pas encore vérifié,Pas encore vérifié
Carport en bois Romans-sur-Isère,1,0,https://www.deco-charpente.fr/nos-abris-dans-vos-villes/carport-en-bois-romans-sur-isere/,0%,Pas encore vérifié,Pas encore vérifié
Carport en bois Six-Fours-Les-Plages,1,0,https://www.deco-charpente.fr/nos-abris-dans-vos-villes/appentis-en-bois-six-fours-les-plages/,0%,Pas encore vérifié,Pas encore vérifié
Carport en bois Uzès,3,0,https://www.deco-charpente.fr/nos-abris-dans-vos-villes/carport-en-bois-uzes/,0%,Pas encore vérifié,Pas encore vérifié
Carport en bois Valence,1(1),0,https://www.deco-charpente.fr/nos-points-de-vente/construction-abris-bois-drome-ardeche/,0%,Pas encore vérifié,Pas encore vérifié
Carport en bois Voiron,1,0,https://www.deco-charpente.fr/nos-abris-dans-vos-villes/abri-voiture-et-carport-en-bois-pres-de-voiron/,0%,Pas encore vérifié,Pas encore vérifié
decocharpente,1,0,https://www.deco-charpente.fr/,0%,Pas encore vérifié,Pas encore vérifié
deco charpente,1,0,https://www.deco-charpente.fr/,0%,Pas encore vérifié,Pas encore vérifié
déco charpente,1,0,https://www.deco-charpente.fr/,0%,Pas encore vérifié,Pas encore vérifié
deco charpente avis,2,0,https://www.deco-charpente.fr/decouvrez-un-avis-client-sur-deco-charpente/,0%,Pas encore vérifié,Pas encore vérifié
deco charpente brignoles,1,0,https://www.deco-charpente.fr/,-2%,Pas encore vérifié,Pas encore vérifié
deco charpente entraigues,1,0,https://www.deco-charpente.fr/,-2%,Pas encore vérifié,Pas encore vérifié
deco charpente fr,1,0,https://www.deco-charpente.fr/,0%,Pas encore vérifié,Pas encore vérifié
deco charpente plan de campagne,1,0,https://www.deco-charpente.fr/nos-points-de-vente/construction-abris-bois-bouches-du-rhone/; https://www.deco-charpente.fr/,0%,Pas encore vérifié,Pas encore vérifié
Kiosque en bois Bagnols-sur-Cèze,1,0,https://www.deco-charpente.fr/nos-abris-dans-vos-villes/kiosque-en-bois-bagnols-sur-ceze/,0%,Pas encore vérifié,Pas encore vérifié
Kiosque en bois Cannes,1,0,https://www.deco-charpente.fr/nos-abris-dans-vos-villes/kiosque-en-bois-cannes/,0%,Pas encore vérifié,Pas encore vérifié
Kiosque en bois Carpentras,1,0,https://www.deco-charpente.fr/nos-abris-dans-vos-villes/kiosque-en-bois-carpentras/,0%,Pas encore vérifié,Pas encore vérifié
Kiosque en bois Ecully,1,0,https://www.deco-charpente.fr/nos-abris-dans-vos-villes/kiosque-en-bois-ecully/,0%,Pas encore vérifié,Pas encore vérifié
Kiosque en bois Fréjus,1,0,https://www.deco-charpente.fr/nos-abris-dans-vos-villes/kiosque-en-bois-frejus/,0%,Pas encore vérifié,Pas encore vérifié
Kiosque en bois Grenoble,1,0,https://www.deco-charpente.fr/nos-abris-dans-vos-villes/kiosque-en-bois-grenoble/,0%,Pas encore vérifié,Pas encore vérifié
Kiosque en bois La Seyne-sur-Mer,1,0,https://www.deco-charpente.fr/nos-abris-dans-vos-villes/kiosque-en-bois-la-seyne-sur-mer/,0%,Pas encore vérifié,Pas encore vérifié
Kiosque en bois Lentilly,1,0,https://www.deco-charpente.fr/nos-abris-dans-vos-villes/kiosque-en-bois-lentilly/,0%,Pas encore vérifié,Pas encore vérifié
Kiosque en bois Lyon,1,0,https://www.deco-charpente.fr/nos-abris-dans-vos-villes/kiosque-en-bois-lyon/,0%,Pas encore vérifié,Pas encore vérifié
Kiosque en bois Mandelieu-la-Napoule,1,0,https://www.deco-charpente.fr/nos-abris-dans-vos-villes/kiosque-en-bois-mandelieu-la-napoule/,0%,Pas encore vérifié,Pas encore vérifié
Kiosque en bois Marseille,1,0,https://www.deco-charpente.fr/nos-abris-dans-vos-villes/kiosque-en-bois-marseille/,0%,Pas encore vérifié,Pas encore vérifié
Kiosque en bois Martigues,1,0,https://www.deco-charpente.fr/nos-abris-dans-vos-villes/kiosque-en-bois-martigues/,0%,Pas encore vérifié,Pas encore vérifié
Kiosque en bois Montélimar,1,0,https://www.deco-charpente.fr/nos-abris-dans-vos-villes/kiosque-en-bois-montelimar/,0%,Pas encore vérifié,Pas encore vérifié
Kiosque en bois Orange,1,0,https://www.deco-charpente.fr/nos-abris-dans-vos-villes/kiosque-en-bois-orange/,0%,Pas encore vérifié,Pas encore vérifié
Kiosque en bois Romans-sur-Isère,1,0,https://www.deco-charpente.fr/nos-abris-dans-vos-villes/kiosque-en-bois-romans-sur-isere/,0%,Pas encore vérifié,Pas encore vérifié
Kiosque en bois Toulon,1,0,https://www.deco-charpente.fr/nos-abris-dans-vos-villes/kiosque-en-bois-toulon/,0%,Pas encore vérifié,Pas encore vérifié
Kiosque en bois Tullins,1,0,https://www.deco-charpente.fr/nos-abris-dans-vos-villes/kiosque-en-bois-tullins/,0%,Pas encore vérifié,Pas encore vérifié
Kiosque en bois Valence,1,0,https://www.deco-charpente.fr/nos-abris-dans-vos-villes/kiosque-en-bois-bourg-les-valence/,0%,Pas encore vérifié,Pas encore vérifié
Kiosque en bois Villeneuve-lès-Avignon,1,0,https://www.deco-charpente.fr/nos-abris-dans-vos-villes/kiosque-en-bois-villeneuve-les-avignon/,0%,Pas encore vérifié,Pas encore vérifié
Kiosque en bois Voiron,1,0,https://www.deco-charpente.fr/nos-abris-dans-vos-villes/kiosque-en-bois-voiron/,0%,Pas encore vérifié,Pas encore vérifié
Pergola en bois Orange,1(3),0 (+8),https://www.deco-charpente.fr/nos-abris-dans-vos-villes/pergola-en-bois-sur-mesure-pres-de-rodez/,0%,Pas encore vérifié,Pas encore vérifié
Pool House en Bois Aix en Provence,5,0,https://www.deco-charpente.fr/pool-house-kiosque/,0%,Pas encore vérifié,Pas encore vérifié
Pool House en Bois Arles,5,0,https://www.deco-charpente.fr/nos-abris-dans-vos-villes/pool-house-en-bois-arles/,0%,Pas encore vérifié,Pas encore vérifié
Pool House en Bois Barjac,1,0,https://www.deco-charpente.fr/nos-abris-dans-vos-villes/pool-house-en-bois-barjac/,0%,Pas encore vérifié,Pas encore vérifié
Pool House en Bois Fréjus,1,0,https://www.deco-charpente.fr/nos-abris-dans-vos-villes/pool-house-en-bois-frejus/,0%,Pas encore vérifié,Pas encore vérifié
Pool House en Bois Hyères,1,0,https://www.deco-charpente.fr/pool-house-kiosque/,0%,Pas encore vérifié,Pas encore vérifié
Pool House en Bois Romans sur Isère,1,0,https://www.deco-charpente.fr/nos-abris-dans-vos-villes/pool-house-en-bois-romans-sur-isere/,0%,Pas encore vérifié,Pas encore vérifié
Pool House en Bois Uzès,3,0,https://www.deco-charpente.fr/nos-abris-dans-vos-villes/pool-house-en-bois-uzes/,0%,Pas encore vérifié,Pas encore vérifié
Pool House en Bois Vienne,3,0,https://www.deco-charpente.fr/nos-abris-dans-vos-villes/pool-house-en-bois-vienne/,0%,Pas encore vérifié,Pas encore vérifié
Pool House en Bois Villeneuve lès Avignon,3,0,https://www.deco-charpente.fr/pool-house-kiosque/,0%,Pas encore vérifié,Pas encore vérifié
abri voiture bois 13,3,-1,https://www.deco-charpente.fr/nos-points-de-vente/construction-abris-bois-bouches-du-rhone/,-15%,Pas encore vérifié,Pas encore vérifié
Abri voiture Bois Annonay,4,-1,https://www.deco-charpente.fr/nos-abris-dans-vos-villes/abri-voiture-bois-annonay/,-2%,Pas encore vérifié,Pas encore vérifié
Abri voiture Bois Lyon,7,-1,https://www.deco-charpente.fr/abri-voiture-bois/,-2%,Pas encore vérifié,Pas encore vérifié
Abri voiture Bois Uzès,5,-1,https://www.deco-charpente.fr/nos-abris-dans-vos-villes/carport-en-bois-uzes/,-2%,Pas encore vérifié,Pas encore vérifié
abri voitures bois,8,-1,https://www.deco-charpente.fr/abri-voiture-bois/,"0,38",Pas encore vérifié,Pas encore vérifié
Appentis en bois Saint-Martin-de-Crau,2,-1,https://www.deco-charpente.fr/nos-abris-dans-vos-villes/appentis-en-bois-saint-martin-de-crau/,-2%,Pas encore vérifié,Pas encore vérifié
Appentis et Auvents en bois,4,-1,https://www.deco-charpente.fr/appentis-et-auvent/,-2%,Pas encore vérifié,Pas encore vérifié
Auvent en Bois Aubagne,3(2),-1,https://www.deco-charpente.fr/,-2%,Pas encore vérifié,Pas encore vérifié
Auvent en Bois Avignon,2,-1,https://www.deco-charpente.fr/nos-abris-dans-vos-villes/auvent-en-bois-villeneuve-les-avignon/,-2%,Pas encore vérifié,Pas encore vérifié
Auvent en Bois Carpentras,2(1),-1,https://www.deco-charpente.fr/nos-points-de-vente/construction-abris-bois-vaucluse/,-2%,Pas encore vérifié,Pas encore vérifié
Auvent en Bois Grenoble,2,-1,https://www.deco-charpente.fr/nos-abris-dans-vos-villes/auvent-en-bois-grenoble/,-2%,Pas encore vérifié,Pas encore vérifié
Auvent en Bois Lyon,3,-1,https://www.deco-charpente.fr/nos-abris-dans-vos-villes/auvent-en-bois-sainte-foy-les-lyon/,-2%,Pas encore vérifié,Pas encore vérifié
Auvent en Bois Martigues,2,-1,https://www.deco-charpente.fr/nos-abris-dans-vos-villes/auvent-en-bois-martigues/,-2%,Pas encore vérifié,Pas encore vérifié
Auvent en Bois Uzès,3,-1,https://www.deco-charpente.fr/nos-abris-dans-vos-villes/auvent-en-bois-uzes/,-2%,Pas encore vérifié,Pas encore vérifié
Carport en bois Aubagne,3,-1,https://www.deco-charpente.fr/nos-abris-dans-vos-villes/carport-en-bois-aubagne/,-2%,Pas encore vérifié,Pas encore vérifié
Carport en bois Avignon,4,-1,https://www.deco-charpente.fr/nos-points-de-vente/construction-abris-bois-vaucluse/,-2%,Pas encore vérifié,Pas encore vérifié
Carport en bois Villeneuve-lès-Avignon,2,-1,https://www.deco-charpente.fr/nos-abris-dans-vos-villes/abri-voiture-bois-villeneuve-les-avignon/,-2%,Pas encore vérifié,Pas encore vérifié
Kiosque en bois Aix-en-Provence,2,-1,https://www.deco-charpente.fr/nos-abris-dans-vos-villes/kiosque-en-bois-aix-en-provence/,-2%,Pas encore vérifié,Pas encore vérifié
Kiosque en bois Avignon,2,-1,https://www.deco-charpente.fr/nos-abris-dans-vos-villes/kiosque-en-bois-avignon/,-2%,Pas encore vérifié,Pas encore vérifié
pergola bois sur mesure,6(1),-1,https://www.deco-charpente.fr/pergola-bois/; https://www.deco-charpente.fr/pourquoi-installer-une-pergola-en-bois-sur-mesure/,"0,15",Pas encore vérifié,Pas encore vérifié
Pergola en bois Bron,4,-1,https://www.deco-charpente.fr/nos-abris-dans-vos-villes/pergola-en-bois-bron/,-2%,Pas encore vérifié,Pas encore vérifié
Pergola en bois Saint-Martin-d’Hères,5,-1,https://www.deco-charpente.fr/nos-abris-dans-vos-villes/pergola-en-bois-saint-martin-dheres/,-2%,Pas encore vérifié,Pas encore vérifié
Pool House en Bois Antibes,3,-1,https://www.deco-charpente.fr/nos-abris-dans-vos-villes/pool-house-en-bois-antibes/,-2%,Pas encore vérifié,Pas encore vérifié
Pool House en Bois Lyon,5,-1,https://www.deco-charpente.fr/nos-abris-dans-vos-villes/pool-house-en-bois-dardilly/,-2%,Pas encore vérifié,Pas encore vérifié
Pool House en Bois Orange,2,-1,https://www.deco-charpente.fr/nos-abris-dans-vos-villes/pool-house-en-bois-orange/,-2%,Pas encore vérifié,Pas encore vérifié
Pool House en Bois Vénissieux,2,-1,https://www.deco-charpente.fr/nos-abris-dans-vos-villes/pool-house-en-bois-venissieux/,-2%,Pas encore vérifié,Pas encore vérifié
abris voiture bois,11,-2,https://www.deco-charpente.fr/abri-voiture-bois/,-7%,Pas encore vérifié,Pas encore vérifié
Abri voiture Bois Nice,3,-2,https://www.deco-charpente.fr/abri-voiture-bois/,-3%,Pas encore vérifié,Pas encore vérifié
Abri voiture Bois Orange,4,-2,https://www.deco-charpente.fr/nos-abris-dans-vos-villes/carport-en-bois-orange/,-3%,Pas encore vérifié,Pas encore vérifié
Abri voiture Bois Villeneuve lès Avignon,4,-2,https://www.deco-charpente.fr/,-3%,Pas encore vérifié,Pas encore vérifié
Abri voiture Bois Villeurbanne,3,-2,https://www.deco-charpente.fr/nos-abris-dans-vos-villes/abri-voiture-bois-villeurbanne/,-3%,Pas encore vérifié,Pas encore vérifié
Appentis en bois L’Isle-sur-la-Sorgue,3,-2,https://www.deco-charpente.fr/nos-abris-dans-vos-villes/appentis-en-bois-lisle-sur-la-sorgue/,-3%,Pas encore vérifié,Pas encore vérifié
auvent bois,8,-2,https://www.deco-charpente.fr/nos-produits-dans-vos-villes/auvent-en-bois-hyeres/; https://www.deco-charpente.fr/appentis-et-auvent/,"0,03",Pas encore vérifié,Pas encore vérifié
Auvent en Bois Toulon,4,-2,https://www.deco-charpente.fr/appentis-et-auvent/,-3%,Pas encore vérifié,Pas encore vérifié
Carport en bois Hyères,3,-2,https://www.deco-charpente.fr/nos-abris-dans-vos-villes/carport-en-bois-hyeres/,-3%,Pas encore vérifié,Pas encore vérifié
Carport en bois Orange,4,-2,https://www.deco-charpente.fr/nos-abris-dans-vos-villes/abri-voiture-bois-orange/,-3%,Pas encore vérifié,Pas encore vérifié
Pergola en bois Nice,6,-2,https://www.deco-charpente.fr/nos-abris-dans-vos-villes/alpes-maritimes/pergola-en-bois-nice/,-3%,Pas encore vérifié,Pas encore vérifié
Pergola en bois Saint-Priest,5,-2,https://www.deco-charpente.fr/nos-abris-dans-vos-villes/pergola-en-bois-saint-priest/,-3%,Pas encore vérifié,Pas encore vérifié
Pool House en Bois Nice,4,-2,https://www.deco-charpente.fr/nos-abris-dans-vos-villes/pool-house-en-bois-nice/,-3%,Pas encore vérifié,Pas encore vérifié
abri en bois voiture,9,-3,https://www.deco-charpente.fr/abri-voiture-bois/,"0,37",Pas encore vérifié,Pas encore vérifié
Abri voiture Bois Vienne,4,-3,https://www.deco-charpente.fr/nos-abris-dans-vos-villes/abri-voiture-et-carport-en-bois-pres-dangouleme/,-5%,Pas encore vérifié,Pas encore vérifié
Auvent en Bois Orange,4,-3,https://www.deco-charpente.fr/nos-abris-dans-vos-villes/auvent-en-bois-orange/,-5%,Pas encore vérifié,Pas encore vérifié
Auvent en Bois Vienne,5,-3,https://www.deco-charpente.fr/nos-abris-dans-vos-villes/auvent-en-bois-vienne/,-5%,Pas encore vérifié,Pas encore vérifié
carport bois sur mesure,8,-3,https://www.deco-charpente.fr/abri-voiture-bois/; https://www.deco-charpente.fr/decouvrez-nos-styles-abri-voiture-carport-bois-sur-mesure/,-5%,Pas encore vérifié,Pas encore vérifié
Carport en bois Montélimar,5(2),-3,https://www.deco-charpente.fr/nos-points-de-vente/construction-abris-bois-drome-ardeche/,-5%,Pas encore vérifié,Pas encore vérifié
Pergola en bois Aix-en-Provence,20,-3,https://www.deco-charpente.fr/nos-abris-dans-vos-villes/pergola-en-bois-aix-en-provence/,-5%,Pas encore vérifié,Pas encore vérifié
Pergola en bois Avignon,12,-3,https://www.deco-charpente.fr/nos-abris-dans-vos-villes/pergola-en-bois-avignon/,-5%,Pas encore vérifié,Pas encore vérifié
abri en bois pour voiture,9,-4,https://www.deco-charpente.fr/abri-voiture-bois/,-7%,Pas encore vérifié,Pas encore vérifié
Carport en bois Lyon,13,-4,https://www.deco-charpente.fr/abri-voiture-bois/,-7%,Pas encore vérifié,Pas encore vérifié
Pergola en bois Arles,8,-4,https://www.deco-charpente.fr/nos-abris-dans-vos-villes/pergola-en-bois-arles/,-7%,Pas encore vérifié,Pas encore vérifié
Pergola en bois Romans-sur-Isère,6,-4,https://www.deco-charpente.fr/pergola-bois-sur-mesure/,-7%,Pas encore vérifié,Pas encore vérifié
Pergola en bois Uzès,13,-4,https://www.deco-charpente.fr/nos-abris-dans-vos-villes/pergola-en-bois-uzes/,-7%,Pas encore vérifié,Pas encore vérifié
Pool House en Bois Fontaine,6,-4,https://www.deco-charpente.fr/nos-abris-dans-vos-villes/pool-house-en-bois-fontaine/,-7%,Pas encore vérifié,Pas encore vérifié
Pool House en Bois Marseille,11,-4,https://www.deco-charpente.fr/pool-house-kiosque/,-7%,Pas encore vérifié,Pas encore vérifié
abris voitures bois,11,-5,https://www.deco-charpente.fr/abri-voiture-bois/,-12%,Pas encore vérifié,Pas encore vérifié
abri voiture en bois sur mesure,20,-5,https://www.deco-charpente.fr/abri-voiture-bois/; https://www.deco-charpente.fr/decouvrez-nos-styles-abri-voiture-carport-bois-sur-mesure/,0%,Pas encore vérifié,Pas encore vérifié
kiosque bois sur mesure,11,-5,https://www.deco-charpente.fr/pool-house-kiosque/; https://www.deco-charpente.fr/nos-produits-dans-vos-villes/kiosque-en-bois-avignon/,-35%,Pas encore vérifié,Pas encore vérifié
Pergola en bois Villeneuve-lès-Avignon,6,-5,https://www.deco-charpente.fr/pergola-bois-sur-mesure/,-8%,Pas encore vérifié,Pas encore vérifié
Pool House en Bois Carpentras,7,-5,https://www.deco-charpente.fr/pool-house-kiosque/,-8%,Pas encore vérifié,Pas encore vérifié
abri de voiture en bois,13,-6,https://www.deco-charpente.fr/abri-voiture-bois/,"0,15",Pas encore vérifié,Pas encore vérifié
appentis bois sur mesure,10,-6,https://www.deco-charpente.fr/appentis-et-auvent/; https://www.deco-charpente.fr/decouvrez-nos-styles-dappentis-et-auvent/,-13%,Pas encore vérifié,Pas encore vérifié
Pergola en bois Bagnols-sur-Cèze,8,-6,https://www.deco-charpente.fr/nos-abris-dans-vos-villes/pergola-en-bois-bagnols-sur-ceze/,-10%,Pas encore vérifié,Pas encore vérifié
Pergola en bois Marseille,17,-6,https://www.deco-charpente.fr/nos-abris-dans-vos-villes/pergola-en-bois-marseille/,-10%,Pas encore vérifié,Pas encore vérifié
appentis adossé,13,-7,https://www.deco-charpente.fr/appentis-et-auvent/; https://www.deco-charpente.fr/decouvrez-nos-styles-dappentis-et-auvent/,"0,05",Pas encore vérifié,Pas encore vérifié
abri voiture en bois,16,-8,https://www.deco-charpente.fr/abri-voiture-bois/,"0,15",Pas encore vérifié,Pas encore vérifié
Pergola en bois Hyères,19,-8,https://www.deco-charpente.fr/nos-abris-dans-vos-villes/pergola-en-bois-hyeres/,-13%,Pas encore vérifié,Pas encore vérifié
Pergola en bois Valence,12(2),-8,https://www.deco-charpente.fr/pergola-bois-sur-mesure/,-13%,Pas encore vérifié,Pas encore vérifié
abris bois voiture,15,-9,https://www.deco-charpente.fr/abri-voiture-bois/,-60%,Pas encore vérifié,Pas encore vérifié
abri bois pour voiture,20(2),-13,https://www.deco-charpente.fr/abri-voiture-bois/; https://www.deco-charpente.fr/nos-abris-dans-vos-villes/abri-voiture-et-carport-en-bois-pres-de-bordeaux/,"0,18",Pas encore vérifié,Pas encore vérifié
abris de voiture en bois,20,-13,https://www.deco-charpente.fr/abri-voiture-bois/,"0,02",Pas encore vérifié,Pas encore vérifié
abri bois voiture,20,-14,https://www.deco-charpente.fr/abri-voiture-bois/,-30%,Pas encore vérifié,Pas encore vérifié
abri camping car bois,Pos. > 20,Déclassé,,0%,Pas encore vérifié,Pas encore vérifié
abri de garage bois,Pos. > 20,Déclassé,,-15%,Pas encore vérifié,Pas encore vérifié
abri de voiture,Pos. > 20,Déclassé,https://www.deco-charpente.fr/abri-voiture-bois/,"0,18",Pas encore vérifié,Pas encore vérifié
abri de voiture bois,Pos. > 20,Déclassé,https://www.deco-charpente.fr/abri-voiture-bois/,-50%,Pas encore vérifié,Pas encore vérifié
abrie de voiture,Pos. > 20,Déclassé,https://www.deco-charpente.fr/abri-voiture-bois/,-7%,Pas encore vérifié,Pas encore vérifié
abri garage bois,Pos. > 20,Déclassé,,-10%,Pas encore vérifié,Pas encore vérifié
abris bois sur mesure,Pos. > 20,Déclassé,,-18%,Pas encore vérifié,Pas encore vérifié
abris garage,Pos. > 20,Déclassé,,0%,Pas encore vérifié,Pas encore vérifié
abris garage bois,Pos. > 20,Déclassé,,-8%,Pas encore vérifié,Pas encore vérifié
abris voiture,Pos. > 20,Déclassé,,-12%,Pas encore vérifié,Pas encore vérifié
abris voiture bois 1 pente,Pos. > 20,Déclassé,https://www.deco-charpente.fr/abri-voiture-bois/,-23%,Pas encore vérifié,Pas encore vérifié
abris voitures,Pos. > 20,Déclassé,,-32%,Pas encore vérifié,Pas encore vérifié
abris voiture sur mesure,Pos. > 20,Déclassé,https://www.deco-charpente.fr/abri-voiture-bois/,-40%,Pas encore vérifié,Pas encore vérifié
Abri voiture / Carport en bois,Pos. > 20,Déclassé,,-35%,Pas encore vérifié,Pas encore vérifié
abri voiture bois,Pos. > 20,Déclassé,,-83%,Pas encore vérifié,Pas encore vérifié
abri voiture bois 1 pente,Pos. > 20,Déclassé,https://www.deco-charpente.fr/abri-voiture-bois/,-23%,Pas encore vérifié,Pas encore vérifié
abri voiture bois monopente,Pos. > 20,Déclassé,,-25%,Pas encore vérifié,Pas encore vérifié
abri voiture carport,Pos. > 20,Déclassé,,0%,Pas encore vérifié,Pas encore vérifié
abri voiture monopente,Pos. > 20,Déclassé,,-12%,Pas encore vérifié,Pas encore vérifié
abri voiture sur mesure,Pos. > 20,Déclassé,https://www.deco-charpente.fr/decouvrez-nos-styles-abri-voiture-carport-bois-sur-mesure/,-23%,Pas encore vérifié,Pas encore vérifié
auvent sur mesure,Pos. > 20,Déclassé,https://www.deco-charpente.fr/appentis-et-auvent/,0%,Pas encore vérifié,Pas encore vérifié
carport bois,Pos. > 20,Déclassé,,0%,Pas encore vérifié,Pas encore vérifié
car port bois,Pos. > 20,Déclassé,,0%,Pas encore vérifié,Pas encore vérifié
carports bois,Pos. > 20,Déclassé,,0%,Pas encore vérifié,Pas encore vérifié
construire abri voiture bois,Pos. > 20,Déclassé,,-8%,Pas encore vérifié,Pas encore vérifié
france abris carport bois,Pos. > 20,Déclassé,https://www.deco-charpente.fr/decouvrez-nos-styles-abri-voiture-carport-bois-sur-mesure/,-5%,Pas encore vérifié,Pas encore vérifié
Pergola en bois Grenoble,Pos. > 20,Déclassé,,-30%,Pas encore vérifié,Pas encore vérifié
Pergola en bois Lyon,Pos. > 20,Déclassé,,-43%,Pas encore vérifié,Pas encore vérifié
pergola en bois massif,Pos. > 20,Déclassé,,0%,Pas encore vérifié,Pas encore vérifié
Pergola en bois Montélimar,Pos. > 20,Déclassé,,-28%,Pas encore vérifié,Pas encore vérifié
Pergola en bois Toulon,Pos. > 20,Déclassé,,-27%,Pas encore vérifié,Pas encore vérifié
plans carport bois,Pos. > 20,Déclassé,,0%,Pas encore vérifié,Pas encore vérifié
abri 2 voitures,Pos. > 20,Non classé,,-8%,Pas encore vérifié,Pas encore vérifié
abri à bois,Pos. > 20,Non classé,,0%,Pas encore vérifié,Pas encore vérifié
abriarcis,Pos. > 20,Non classé,,0%,Pas encore vérifié,Pas encore vérifié
abri bois,Pos. > 20,Non classé,,0%,Pas encore vérifié,Pas encore vérifié
abri bois 15m2,Pos. > 20,Non classé,,0%,Pas encore vérifié,Pas encore vérifié
abri bois de chauffage,Pos. > 20,Non classé,,0%,Pas encore vérifié,Pas encore vérifié
abri bois jardin,Pos. > 20,Non classé,,0%,Pas encore vérifié,Pas encore vérifié
abri camping car,Pos. > 20,Non classé,,0%,Pas encore vérifié,Pas encore vérifié
abri de jardin,Pos. > 20,Non classé,,0%,Pas encore vérifié,Pas encore vérifié
abri de jardin 3x3 toit plat,Pos. > 20,Non classé,,0%,Pas encore vérifié,Pas encore vérifié
abri de jardin 5m2,Pos. > 20,Non classé,,0%,Pas encore vérifié,Pas encore vérifié
abri de jardin adossable,Pos. > 20,Non classé,,0%,Pas encore vérifié,Pas encore vérifié
abri de jardin autoclave,Pos. > 20,Non classé,,0%,Pas encore vérifié,Pas encore vérifié
abri de jardin bois,Pos. > 20,Non classé,,0%,Pas encore vérifié,Pas encore vérifié
abri de jardin bois 20m2,Pos. > 20,Non classé,,0%,Pas encore vérifié,Pas encore vérifié
abri de jardin bois 20m2 toit plat,Pos. > 20,Non classé,,0%,Pas encore vérifié,Pas encore vérifié
abri de jardin bois 4m2,Pos. > 20,Non classé,,0%,Pas encore vérifié,Pas encore vérifié
abri de jardin bois 5m2,Pos. > 20,Non classé,,0%,Pas encore vérifié,Pas encore vérifié
abri de jardin bois black friday,Pos. > 20,Non classé,,0%,Pas encore vérifié,Pas encore vérifié
abri de jardin bois classe 4,Pos. > 20,Non classé,,0%,Pas encore vérifié,Pas encore vérifié
abri de jardin bois red cedar,Pos. > 20,Non classé,,0%,Pas encore vérifié,Pas encore vérifié
abri de jardin bois traité autoclave,Pos. > 20,Non classé,,0%,Pas encore vérifié,Pas encore vérifié
abri de jardin en bois,Pos. > 20,Non classé,,0%,Pas encore vérifié,Pas encore vérifié
abri de jardin en bois avec auvent intégré,Pos. > 20,Non classé,,0%,Pas encore vérifié,Pas encore vérifié
abri de jardin en bois toit une pente,Pos. > 20,Non classé,,0%,Pas encore vérifié,Pas encore vérifié
abri de jardin en dur,Pos. > 20,Non classé,,0%,Pas encore vérifié,Pas encore vérifié
abri de jardin en résine,Pos. > 20,Non classé,,0%,Pas encore vérifié,Pas encore vérifié
abri de jardin en tôle,Pos. > 20,Non classé,,0%,Pas encore vérifié,Pas encore vérifié
abri de jardin habitable,Pos. > 20,Non classé,,0%,Pas encore vérifié,Pas encore vérifié
abri de jardin monopente resine,Pos. > 20,Non classé,,0%,Pas encore vérifié,Pas encore vérifié
abri de jardin monopente sur mesure,Pos. > 20,Non classé,,0%,Pas encore vérifié,Pas encore vérifié
abri de jardin rectangulaire toit plat,Pos. > 20,Non classé,,0%,Pas encore vérifié,Pas encore vérifié
abri de jardin resine,Pos. > 20,Non classé,,0%,Pas encore vérifié,Pas encore vérifié
abri de jardin sur mesure,Pos. > 20,Non classé,,0%,Pas encore vérifié,Pas encore vérifié
abri de jardin toit plat,Pos. > 20,Non classé,,0%,Pas encore vérifié,Pas encore vérifié
abri de piscine,Pos. > 20,Non classé,,0%,Pas encore vérifié,Pas encore vérifié
abri de porte d entrée,Pos. > 20,Non classé,,0%,Pas encore vérifié,Pas encore vérifié
abri de terrasse en bois,Pos. > 20,Non classé,,0%,Pas encore vérifié,Pas encore vérifié
abri de terrasse ou véranda,Pos. > 20,Non classé,,0%,Pas encore vérifié,Pas encore vérifié
abri deux voitures,Pos. > 20,Non classé,,0%,Pas encore vérifié,Pas encore vérifié
abri de voiture double,Pos. > 20,Non classé,,0%,Pas encore vérifié,Pas encore vérifié
abri de voiture en métal,Pos. > 20,Non classé,,0%,Pas encore vérifié,Pas encore vérifié
abri en bois,Pos. > 20,Non classé,,0%,Pas encore vérifié,Pas encore vérifié
abri et chalet de jardin en bois,Pos. > 20,Non classé,,0%,Pas encore vérifié,Pas encore vérifié
abri jacuzzi,Pos. > 20,Non classé,,0%,Pas encore vérifié,Pas encore vérifié
abri jardin autoclave,Pos. > 20,Non classé,,0%,Pas encore vérifié,Pas encore vérifié
abri jardin bois,Pos. > 20,Non classé,,0%,Pas encore vérifié,Pas encore vérifié
abri jardin bois autoclave,Pos. > 20,Non classé,,0%,Pas encore vérifié,Pas encore vérifié
abri jardin bois sur mesure,Pos. > 20,Non classé,,0%,Pas encore vérifié,Pas encore vérifié
abri jardin bois toit plat,Pos. > 20,Non classé,,0%,Pas encore vérifié,Pas encore vérifié
abri jardin en bois autoclave,Pos. > 20,Non classé,,0%,Pas encore vérifié,Pas encore vérifié
abri jardin en dur,Pos. > 20,Non classé,,0%,Pas encore vérifié,Pas encore vérifié
abri jardin exterieur,Pos. > 20,Non classé,,0%,Pas encore vérifié,Pas encore vérifié
abri jardin habitable,Pos. > 20,Non classé,,0%,Pas encore vérifié,Pas encore vérifié
abri jardin sur mesure,Pos. > 20,Non classé,,0%,Pas encore vérifié,Pas encore vérifié
abri jardin toit plat,Pos. > 20,Non classé,,0%,Pas encore vérifié,Pas encore vérifié
abri piscine,Pos. > 20,Non classé,,0%,Pas encore vérifié,Pas encore vérifié
abri porte entrée,Pos. > 20,Non classé,,0%,Pas encore vérifié,Pas encore vérifié
abri pour 2 voitures,Pos. > 20,Non classé,,-20%,Pas encore vérifié,Pas encore vérifié
abri pour camping car,Pos. > 20,Non classé,,0%,Pas encore vérifié,Pas encore vérifié
abri pour voiture,Pos. > 20,Non classé,https://www.deco-charpente.fr/abri-voiture-bois/,"0,18",Pas encore vérifié,Pas encore vérifié
abri proteccar,Pos. > 20,Non classé,,0%,Pas encore vérifié,Pas encore vérifié
abris 2 voitures,Pos. > 20,Non classé,,0%,Pas encore vérifié,Pas encore vérifié
abris bois,Pos. > 20,Non classé,,0%,Pas encore vérifié,Pas encore vérifié
abris bois jardin,Pos. > 20,Non classé,,0%,Pas encore vérifié,Pas encore vérifié
abris bois piscine,Pos. > 20,Non classé,,0%,Pas encore vérifié,Pas encore vérifié
abris buche,Pos. > 20,Non classé,,0%,Pas encore vérifié,Pas encore vérifié
abris camping car 4x8,Pos. > 20,Non classé,,0%,Pas encore vérifié,Pas encore vérifié
abris camping car 4x8 bois,Pos. > 20,Non classé,,0%,Pas encore vérifié,Pas encore vérifié
abris camping car sans permis construire,Pos. > 20,Non classé,,0%,Pas encore vérifié,Pas encore vérifié
abris de barbecue en bois,Pos. > 20,Non classé,,0%,Pas encore vérifié,Pas encore vérifié
abris de jardin 19m2 toit plat,Pos. > 20,Non classé,,0%,Pas encore vérifié,Pas encore vérifié
abris de jardin autoclave,Pos. > 20,Non classé,,0%,Pas encore vérifié,Pas encore vérifié
abris de jardin bois,Pos. > 20,Non classé,,0%,Pas encore vérifié,Pas encore vérifié
abris de jardin bois autoclave,Pos. > 20,Non classé,,0%,Pas encore vérifié,Pas encore vérifié
abris de jardin bois isolé,Pos. > 20,Non classé,,0%,Pas encore vérifié,Pas encore vérifié
abris de jardin bois monopente,Pos. > 20,Non classé,,0%,Pas encore vérifié,Pas encore vérifié
abris de jardin bois traite autoclave,Pos. > 20,Non classé,,0%,Pas encore vérifié,Pas encore vérifié
abris de jardin en bois,Pos. > 20,Non classé,,0%,Pas encore vérifié,Pas encore vérifié
abris de jardin en bois sur mesure,Pos. > 20,Non classé,,0%,Pas encore vérifié,Pas encore vérifié
abris de jardins en bois,Pos. > 20,Non classé,,0%,Pas encore vérifié,Pas encore vérifié
abris de jardin sur mesure,Pos. > 20,Non classé,,0%,Pas encore vérifié,Pas encore vérifié
abris de porte,Pos. > 20,Non classé,,0%,Pas encore vérifié,Pas encore vérifié
abris de voiture double,Pos. > 20,Non classé,,0%,Pas encore vérifié,Pas encore vérifié
abris en bois,Pos. > 20,Non classé,,0%,Pas encore vérifié,Pas encore vérifié
abris en resine,Pos. > 20,Non classé,,0%,Pas encore vérifié,Pas encore vérifié
abris jardin adossable bois,Pos. > 20,Non classé,,0%,Pas encore vérifié,Pas encore vérifié
abris jardin bois,Pos. > 20,Non classé,,0%,Pas encore vérifié,Pas encore vérifié
abris jardin habitable,Pos. > 20,Non classé,,0%,Pas encore vérifié,Pas encore vérifié
abris jardin sur mesure,Pos. > 20,Non classé,,0%,Pas encore vérifié,Pas encore vérifié
abri spa,Pos. > 20,Non classé,,0%,Pas encore vérifié,Pas encore vérifié
abri spa sur mesure,Pos. > 20,Non classé,,0%,Pas encore vérifié,Pas encore vérifié
abris piscine bois,Pos. > 20,Non classé,,0%,Pas encore vérifié,Pas encore vérifié
abris pour camping car,Pos. > 20,Non classé,,0%,Pas encore vérifié,Pas encore vérifié
abris voiture double,Pos. > 20,Non classé,,0%,Pas encore vérifié,Pas encore vérifié
abrit camping car,Pos. > 20,Non classé,,0%,Pas encore vérifié,Pas encore vérifié
abri terrasse,Pos. > 20,Non classé,,0%,Pas encore vérifié,Pas encore vérifié
abri terrasse bois,Pos. > 20,Non classé,,0%,Pas encore vérifié,Pas encore vérifié
abri voiture 2 pentes,Pos. > 20,Non classé,https://www.deco-charpente.fr/abri-voiture-bois/,-22%,Pas encore vérifié,Pas encore vérifié
abri voiture adossé,Pos. > 20,Non classé,,0%,Pas encore vérifié,Pas encore vérifié
abri voiture autoportant,Pos. > 20,Non classé,,0%,Pas encore vérifié,Pas encore vérifié
abri voiture bois 2 voitures,Pos. > 20,Non classé,https://www.deco-charpente.fr/abri-voiture-bois/,-10%,Pas encore vérifié,Pas encore vérifié
abri voiture bois brico dépôt,Pos. > 20,Non classé,,0%,Pas encore vérifié,Pas encore vérifié
abri voiture double,Pos. > 20,Non classé,,0%,Pas encore vérifié,Pas encore vérifié
abri voiture double bois,Pos. > 20,Non classé,https://www.deco-charpente.fr/decouvrez-nos-styles-abri-voiture-carport-bois-sur-mesure/,0%,Pas encore vérifié,Pas encore vérifié
abri voiture exterieur,Pos. > 20,Non classé,,-5%,Pas encore vérifié,Pas encore vérifié
abri voiture fermé,Pos. > 20,Non classé,https://www.deco-charpente.fr/abri-voiture-bois/,"0,2",Pas encore vérifié,Pas encore vérifié
abri voiture métal 2 pieds,Pos. > 20,Non classé,,0%,Pas encore vérifié,Pas encore vérifié
abri voiture photovoltaïque,Pos. > 20,Non classé,,0%,Pas encore vérifié,Pas encore vérifié
abri voiture transparent,Pos. > 20,Non classé,,0%,Pas encore vérifié,Pas encore vérifié
amenagement piscine hors sol intex,Pos. > 20,Non classé,,0%,Pas encore vérifié,Pas encore vérifié
appenti bois toit plat,Pos. > 20,Non classé,,0%,Pas encore vérifié,Pas encore vérifié
auvent de porte,Pos. > 20,Non classé,,0%,Pas encore vérifié,Pas encore vérifié
auvent de porte bois,Pos. > 20,Non classé,https://www.deco-charpente.fr/appentis-et-auvent/,"0,07",Pas encore vérifié,Pas encore vérifié
auvent porte d entree,Pos. > 20,Non classé,,0%,Pas encore vérifié,Pas encore vérifié
auvent porte d entrée,Pos. > 20,Non classé,,0%,Pas encore vérifié,Pas encore vérifié
auvents et marquises,Pos. > 20,Non classé,,0%,Pas encore vérifié,Pas encore vérifié
auvent terrasse,Pos. > 20,Non classé,,0%,Pas encore vérifié,Pas encore vérifié
auvent voiture,Pos. > 20,Non classé,,0%,Pas encore vérifié,Pas encore vérifié
avancee porte entree,Pos. > 20,Non classé,,0%,Pas encore vérifié,Pas encore vérifié
bardage bois,Pos. > 20,Non classé,,0%,Pas encore vérifié,Pas encore vérifié
bois de bardage,Pos. > 20,Non classé,,0%,Pas encore vérifié,Pas encore vérifié
cabane bois jardin,Pos. > 20,Non classé,,0%,Pas encore vérifié,Pas encore vérifié
cabane de jardin en bois,Pos. > 20,Non classé,,0%,Pas encore vérifié,Pas encore vérifié
cabane en bois jardin,Pos. > 20,Non classé,,0%,Pas encore vérifié,Pas encore vérifié
carport,Pos. > 20,Non classé,,0%,Pas encore vérifié,Pas encore vérifié
carport 2 voitures,Pos. > 20,Non classé,,0%,Pas encore vérifié,Pas encore vérifié
carport 2 voitures 5x5,Pos. > 20,Non classé,,0%,Pas encore vérifié,Pas encore vérifié
carport 2 voitures bois,Pos. > 20,Non classé,,0%,Pas encore vérifié,Pas encore vérifié
carport adossé,Pos. > 20,Non classé,,0%,Pas encore vérifié,Pas encore vérifié
carport belize,Pos. > 20,Non classé,,0%,Pas encore vérifié,Pas encore vérifié
carport bois 2 voitures,Pos. > 20,Non classé,,0%,Pas encore vérifié,Pas encore vérifié
carport bois 2 voitures fermé,Pos. > 20,Non classé,,0%,Pas encore vérifié,Pas encore vérifié
carport bois 6x3,Pos. > 20,Non classé,,0%,Pas encore vérifié,Pas encore vérifié
carport bois adossé,Pos. > 20,Non classé,,0%,Pas encore vérifié,Pas encore vérifié
carport bois adossée,Pos. > 20,Non classé,,0%,Pas encore vérifié,Pas encore vérifié
carport bois bricomarché,Pos. > 20,Non classé,,0%,Pas encore vérifié,Pas encore vérifié
carport bois deux voitures,Pos. > 20,Non classé,,0%,Pas encore vérifié,Pas encore vérifié
carport bois terrasse,Pos. > 20,Non classé,,0%,Pas encore vérifié,Pas encore vérifié
carport camping car,Pos. > 20,Non classé,,0%,Pas encore vérifié,Pas encore vérifié
carport camping car sans permis de construire,Pos. > 20,Non classé,,0%,Pas encore vérifié,Pas encore vérifié
carport double,Pos. > 20,Non classé,,0%,Pas encore vérifié,Pas encore vérifié
carport pour camping car,Pos. > 20,Non classé,,0%,Pas encore vérifié,Pas encore vérifié
carport pour voiture,Pos. > 20,Non classé,,0%,Pas encore vérifié,Pas encore vérifié
carport semi ouvert,Pos. > 20,Non classé,,0%,Pas encore vérifié,Pas encore vérifié
carport sur mesure,Pos. > 20,Non classé,,0%,Pas encore vérifié,Pas encore vérifié
carport voiture,Pos. > 20,Non classé,,0%,Pas encore vérifié,Pas encore vérifié
chalet de jardin,Pos. > 20,Non classé,,0%,Pas encore vérifié,Pas encore vérifié
chalet de jardin en bois,Pos. > 20,Non classé,,0%,Pas encore vérifié,Pas encore vérifié
chalet de jardin habitable,Pos. > 20,Non classé,,0%,Pas encore vérifié,Pas encore vérifié
chalet de jardin habitable sans permis de construire,Pos. > 20,Non classé,,0%,Pas encore vérifié,Pas encore vérifié
chalet en bois jardin,Pos. > 20,Non classé,,0%,Pas encore vérifié,Pas encore vérifié
chalet jardin bois,Pos. > 20,Non classé,,0%,Pas encore vérifié,Pas encore vérifié
chalet jardin habitable,Pos. > 20,Non classé,,0%,Pas encore vérifié,Pas encore vérifié
charpente bois traditionnelle,Pos. > 20,Non classé,,0%,Pas encore vérifié,Pas encore vérifié
comment couvrir une terrasse de mobil home,Pos. > 20,Non classé,,0%,Pas encore vérifié,Pas encore vérifié
construction tonnelle en bois,Pos. > 20,Non classé,,0%,Pas encore vérifié,Pas encore vérifié
construire un abri de jardin,Pos. > 20,Non classé,,0%,Pas encore vérifié,Pas encore vérifié
couvrir un carport en bois,Pos. > 20,Non classé,https://www.deco-charpente.fr/abri-voiture-bois/,"0,2",Pas encore vérifié,Pas encore vérifié
déstockage garage bois,Pos. > 20,Non classé,,0%,Pas encore vérifié,Pas encore vérifié
dimensions pool house,Pos. > 20,Non classé,,0%,Pas encore vérifié,Pas encore vérifié
entreprise charpente montpellier,Pos. > 20,Non classé,https://www.deco-charpente.fr/nos-showrooms/construction-abris-bois-sur-mesure-herault-montpellier/,0%,Pas encore vérifié,Pas encore vérifié
fabrication carport bois adossé,Pos. > 20,Non classé,,0%,Pas encore vérifié,Pas encore vérifié
fabriquer soi meme une pergola en bois,Pos. > 20,Non classé,,0%,Pas encore vérifié,Pas encore vérifié
fabriquer son propre abri de jardin,Pos. > 20,Non classé,,0%,Pas encore vérifié,Pas encore vérifié
fabriquer un abri pour bois de chauffage,Pos. > 20,Non classé,,0%,Pas encore vérifié,Pas encore vérifié
faire sa pergola en bois,Pos. > 20,Non classé,,0%,Pas encore vérifié,Pas encore vérifié
faire une pergola,Pos. > 20,Non classé,,0%,Pas encore vérifié,Pas encore vérifié
garage amovible,Pos. > 20,Non classé,,0%,Pas encore vérifié,Pas encore vérifié
garage bois,Pos. > 20,Non classé,,0%,Pas encore vérifié,Pas encore vérifié
garage bois toit plat,Pos. > 20,Non classé,,0%,Pas encore vérifié,Pas encore vérifié
garage bois triple,Pos. > 20,Non classé,,0%,Pas encore vérifié,Pas encore vérifié
garage en bois,Pos. > 20,Non classé,,0%,Pas encore vérifié,Pas encore vérifié
garage en bois 20m2,Pos. > 20,Non classé,,0%,Pas encore vérifié,Pas encore vérifié
garage en bois 40m2,Pos. > 20,Non classé,,0%,Pas encore vérifié,Pas encore vérifié
garage en bois sur mesure,Pos. > 20,Non classé,,0%,Pas encore vérifié,Pas encore vérifié
garage en bois toit plat,Pos. > 20,Non classé,,0%,Pas encore vérifié,Pas encore vérifié
garage ossature bois toit plat,Pos. > 20,Non classé,,0%,Pas encore vérifié,Pas encore vérifié
garage pour voiture,Pos. > 20,Non classé,,0%,Pas encore vérifié,Pas encore vérifié
garages en bois préfabriqués,Pos. > 20,Non classé,,0%,Pas encore vérifié,Pas encore vérifié
garage voiture bois,Pos. > 20,Non classé,,0%,Pas encore vérifié,Pas encore vérifié
garage voiture en bois,Pos. > 20,Non classé,https://www.deco-charpente.fr/abri-voiture-bois/,"0,48",Pas encore vérifié,Pas encore vérifié
haut vent de porte,Pos. > 20,Non classé,,0%,Pas encore vérifié,Pas encore vérifié
kiosque bois,Pos. > 20,Non classé,https://www.deco-charpente.fr/pool-house-kiosque/,0%,Pas encore vérifié,Pas encore vérifié
kiosque en bois,Pos. > 20,Non classé,,0%,Pas encore vérifié,Pas encore vérifié
marquise abris porte,Pos. > 20,Non classé,,0%,Pas encore vérifié,Pas encore vérifié
marquise auvent,Pos. > 20,Non classé,,0%,Pas encore vérifié,Pas encore vérifié
marquise bois,Pos. > 20,Non classé,,0%,Pas encore vérifié,Pas encore vérifié
marquise bois sur mesure,Pos. > 20,Non classé,,0%,Pas encore vérifié,Pas encore vérifié
marquise de porte,Pos. > 20,Non classé,,0%,Pas encore vérifié,Pas encore vérifié
marquise porte,Pos. > 20,Non classé,,0%,Pas encore vérifié,Pas encore vérifié
marquise sur mesure,Pos. > 20,Non classé,,0%,Pas encore vérifié,Pas encore vérifié
pergola,Pos. > 20,Non classé,,0%,Pas encore vérifié,Pas encore vérifié
pergola abri de jardin,Pos. > 20,Non classé,,0%,Pas encore vérifié,Pas encore vérifié
pergola adossé bois,Pos. > 20,Non classé,,0%,Pas encore vérifié,Pas encore vérifié
pergola adossée,Pos. > 20,Non classé,,0%,Pas encore vérifié,Pas encore vérifié
pergola autoportée,Pos. > 20,Non classé,,0%,Pas encore vérifié,Pas encore vérifié
pergola autoportée bois,Pos. > 20,Non classé,,0%,Pas encore vérifié,Pas encore vérifié
pergola bois,Pos. > 20,Non classé,https://www.deco-charpente.fr/pergola-bois/,0%,Pas encore vérifié,Pas encore vérifié
pergola bois 6x3,Pos. > 20,Non classé,,0%,Pas encore vérifié,Pas encore vérifié
pergola bois 8x4,Pos. > 20,Non classé,,0%,Pas encore vérifié,Pas encore vérifié
pergola bois adossée,Pos. > 20,Non classé,,0%,Pas encore vérifié,Pas encore vérifié
pergola bois autoportée,Pos. > 20,Non classé,,0%,Pas encore vérifié,Pas encore vérifié
pergola bois flotté,Pos. > 20,Non classé,,0%,Pas encore vérifié,Pas encore vérifié
pergola bois terrasse,Pos. > 20,Non classé,,0%,Pas encore vérifié,Pas encore vérifié
pergola bois truffaut,Pos. > 20,Non classé,,0%,Pas encore vérifié,Pas encore vérifié
pergola en bois,Pos. > 20,Non classé,https://www.deco-charpente.fr/pergola-bois/,0%,Pas encore vérifié,Pas encore vérifié
pergola en bois fait maison,Pos. > 20,Non classé,,0%,Pas encore vérifié,Pas encore vérifié
pergola en pvc,Pos. > 20,Non classé,,0%,Pas encore vérifié,Pas encore vérifié
pergola étanche à la pluie,Pos. > 20,Non classé,,0%,Pas encore vérifié,Pas encore vérifié
pergola exotique bois,Pos. > 20,Non classé,,0%,Pas encore vérifié,Pas encore vérifié
pergola fermée bois,Pos. > 20,Non classé,,0%,Pas encore vérifié,Pas encore vérifié
pergola jardin,Pos. > 20,Non classé,,0%,Pas encore vérifié,Pas encore vérifié
pergola marseille,Pos. > 20,Non classé,,0%,Pas encore vérifié,Pas encore vérifié
pergola montpellier,Pos. > 20,Non classé,,0%,Pas encore vérifié,Pas encore vérifié
pergola murale,Pos. > 20,Non classé,,0%,Pas encore vérifié,Pas encore vérifié
pergola pour spa,Pos. > 20,Non classé,,0%,Pas encore vérifié,Pas encore vérifié
pergola pour voiture,Pos. > 20,Non classé,,0%,Pas encore vérifié,Pas encore vérifié
pergolas bois,Pos. > 20,Non classé,,0%,Pas encore vérifié,Pas encore vérifié
pergolas en bois,Pos. > 20,Non classé,,0%,Pas encore vérifié,Pas encore vérifié
pergola truffaut,Pos. > 20,Non classé,,0%,Pas encore vérifié,Pas encore vérifié
petit abri de jardin,Pos. > 20,Non classé,,0%,Pas encore vérifié,Pas encore vérifié
piscine pool house,Pos. > 20,Non classé,,0%,Pas encore vérifié,Pas encore vérifié
plan marquise en bois,Pos. > 20,Non classé,,0%,Pas encore vérifié,Pas encore vérifié
pool house,Pos. > 20,Non classé,,0%,Pas encore vérifié,Pas encore vérifié
poolhouse bois,Pos. > 20,Non classé,,-3%,Pas encore vérifié,Pas encore vérifié
pool house contemporain,Pos. > 20,Non classé,,0%,Pas encore vérifié,Pas encore vérifié
poolhouse en bois,Pos. > 20,Non classé,,0%,Pas encore vérifié,Pas encore vérifié
pool house en bois,Pos. > 20,Non classé,https://www.deco-charpente.fr/pool-house-kiosque/,0%,Pas encore vérifié,Pas encore vérifié
pool house moderne,Pos. > 20,Non classé,,0%,Pas encore vérifié,Pas encore vérifié
pool house piscine,Pos. > 20,Non classé,,0%,Pas encore vérifié,Pas encore vérifié
porte d entree bois,Pos. > 20,Non classé,,0%,Pas encore vérifié,Pas encore vérifié
prix bardage bois,Pos. > 20,Non classé,,0%,Pas encore vérifié,Pas encore vérifié
prix d un garage en bois,Pos. > 20,Non classé,,0%,Pas encore vérifié,Pas encore vérifié
réglementation marquise,Pos. > 20,Non classé,,0%,Pas encore vérifié,Pas encore vérifié
solde abri de jardin bois,Pos. > 20,Non classé,,0%,Pas encore vérifié,Pas encore vérifié
terrasse bois piscine,Pos. > 20,Non classé,,0%,Pas encore vérifié,Pas encore vérifié
tonnelle bois,Pos. > 20,Non classé,,0%,Pas encore vérifié,Pas encore vérifié
tonnelle en bois,Pos. > 20,Non classé,,0%,Pas encore vérifié,Pas encore vérifié
unopiu pergola,Pos. > 20,Non classé,,0%,Pas encore vérifié,Pas encore vérifié